pid,rid,doi,year,title,venue,tier,criterion,status,note
p001,R461,10.1111/1540-6229.00410,1987,An Investigation of the Major Influences of Residential Liquidity: A Multivariate Approach,Real Estate Economics,A/C,C1 측정·정의·지수,I,A/C residential liquidity 1987
p002,R462,10.1111/1540-6229.00463,1988,The Duration of Marketing Time of Residential Housing,Real Estate Economics,A,C1 측정·정의·지수,I,A Haurin1988
p003,R470,10.1111/1540-6229.00514,1990,Measuring Residential Real Estate Liquidity,Real Estate Economics,A,C1 측정·정의·지수,I,A Kluger1990
p004,R347,10.1080/10835547.1994.12090750,1994,"Censored Sample Bias, Macroeconomic Factors, and Time on Market of Residential Housing",Journal of Real Estate Research,A,C1 측정·정의·지수,I,A censored TOM 1994
p005,N132,10.1068/a35170,2003,Exploring Spatial Effects on Urban Housing Duration,Environment and Planning A Economy and Space,A,C1 측정·정의·지수,I,spatial effects housing duration
p006,ADD,10.1111/j.1540-6229.2006.00171.x,2006,Submarket Dynamics of Time to Sale,Real Estate Economics,A,C2 선행성·정보내용,I,Pryce Gibb 2006
p007,R295,10.1080/10835547.2007.12091978,2007,The Probability of Sale for Residential Real Estate,Journal of Housing Research,A,C1 측정·정의·지수,I,A
p008,R298,10.1080/10835547.2009.12092005,2009,Spatial Heterogeneity in Listing Duration: The Influence of Relative Location to Marketability,Journal of Housing Research,A,C1 측정·정의·지수,I,A
p009,R346,10.1080/10835547.2010.12091669,2010,Liquidating Real Estate Assets Quickly: What Affects the Probability of a Quick Sale?,Journal of Real Estate Practice and Education,A,C1 측정·정의·지수,I,A quick sale probability
p010,R200,10.53383/100144,2011,"Housing price, trading volume and time on market [title garbled in source; verify in IRER 2011]",International Real Estate Review,A/C,C2 선행성·정보내용,I,A/C price-volume-TOM IRER 2011 (title to fix)
p011,R587,10.1016/j.regsciurbeco.2011.08.010,2012,Are homes hot or cold potatoes? The distribution of marketing time in the housing market,Regional Science and Urban Economics,A,C1 측정·정의·지수,I,A TOM distribution RSUE2012
p012,ADD,10.1080/14445921.2012.11104370,2012,Cross sectional Analysis of time on Market indicators for an Australian City,Pacific Rim Property Research Journal,A/C,C1 측정·정의·지수,I,TOM indicators Adelaide
p013,R518,10.1111/j.1540-6229.2012.00329.x,2012,House Search Duration in Hot and Cold Residential Markets,Real Estate Economics,A/D,C2 선행성·정보내용,I,A/D house search duration hot cold
p014,R372,10.1057/jors.2011.74,2012,Modelling a property's time to sale by inflating its previous selling price,Journal of the Operational Research Society,A,C1 측정·정의·지수,I,A time to sale JORS
p015,R702,10.1111/1756-2171.12022,2013,Days on market and home sales,The RAND Journal of Economics,A,C2 선행성·정보내용,I,A Tucker2013
p016,R719,10.1177/0042098014529341,2013,The Probability of Sale and Price Premiums in Withdrawn Auctioned Properties*,Urban Studies,A,C1 측정·정의·지수,I,A probability of sale withdrawn auctions
p017,ADD,10.1007/s11146-013-9450-z,2015,Does Time-on-Market Measurement Matter?,The Journal of Real Estate Finance and Economics,A,C1 측정·정의·지수,I,Benefield Hardin measurement
p018,R192,10.3846/1648715x.2015.1072746,2015,For sale… but for how long? a methodological proposal for estimating time-on-the-market,International Journal of Strategic Property Management,A,C1 측정·정의·지수,I,A estimating TOM method
p019,R234,,2015,"Marketing Time and Sales Price of Residential Properties in Akure, Nigeria",Journal of economics and sustainable development,A,C2 선행성·정보내용,I,A marketing time Akure
p020,R332,10.1007/s11146-015-9503-6,2015,The Effect of Relisting on House Selling Price,Journal of real estate finance and economics,A,C1 측정·정의·지수,I,A relisting price
p021,R533,10.1111/1540-6229.12121,2016,A Spatiotemporal Solution for the Simultaneous Sale Price and Time‐on‐the‐Market Problem,Real Estate Economics,A,C1 측정·정의·지수,I,A Dube2016
p022,R724,10.1177/0042098015596923,2016,Measuring the influence of space and time effects on time on the market,Urban Studies,A,C1 측정·정의·지수,I,A TOM space time Adelaide
p023,R396,10.24957/hsr.2019.27.1.05,2019,Factors Affecting the Days on Market of Residential Real Estate in Seoul,Korean Association for Housing Policy Studies,A,C1 측정·정의·지수,I,A Ko2019 KR
p024,R301,10.1080/10527001.2020.1776513,2019,Liquidity Imbalance in the Residential Real Estate Market,Journal of Housing Research,A/C,C1 측정·정의·지수,I,A/C
p025,R700,10.21447/jup.2019.10.3.101,2019,The Effect of Apartment Housing Characteristics on the Days On Market(DOM),The Korean Association of Urban Policies,A,C1 측정·정의·지수,I,A YangKo2019 KR
p026,R290,10.1016/j.jhe.2018.09.009,2019,"The influence of house, seller, and locational factors on the probability of sale",Journal of Housing Economics,A,C1 측정·정의·지수,I,A
p027,R394,10.1016/j.knosys.2020.106417,2020,A hybrid neural network for predicting Days on Market a measure of liquidity in real estate industry,Knowledge-Based Systems,A,C1 측정·정의·지수,I,A DOM neural KBS
p028,R151,10.1108/ijhma-06-2020-0071,2020,Key determinants of time on the market: an analysis of residential housing market in Sri Lanka,International Journal of Housing Markets and Analysis,A,C1 측정·정의·지수,I,A TOM Sri Lanka
p029,R363,10.1080/08965803.2020.1844476,2020,Solving Old Puzzles with New Tricks: Addressing Endogeneity and Nonlinearity in Time-on-Market Research,Journal of Real Estate Research,A,C2 선행성·정보내용,I,A endogeneity nonlinearity TOM
p030,R837,10.1111/boer.12284,2021,Average time to sell a property and credit conditions: Evidence from the Italian housing market survey,Bulletin of Economic Research,A,C1 측정·정의·지수,I,TOM credit conditions Italy BER2021
p031,R231,10.1515/jem-2020-0017,2021,Time on the Market and Probability of Sale Using a Generalized Geometric Hazard Model,Journal of Econometric Methods,A,C1 측정·정의·지수,I,A TOM probability of sale hazard
p032,R707,10.36108/ujees/2202.40.0210,2022,"The Impacts of Property Features on Time on Market of Real Estate Assets in Lagos Metropolis, Nigeria",UNIOSUN Journal of Engineering and Environmental Sciences,A,C1 측정·정의·지수,I,A Lagos TOM low-tier
p033,R373,10.5198/jtlu.2024.2447,2024,Modeling home property listings’ time-on-market duration and listing outcome using copula-based competing risk method,Journal of Transport and Land Use,A,C1 측정·정의·지수,I,A competing risk TOM
p034,R195,10.3846/ijspm.2025.23319,2025,"Apartment prices, the business cycle and time on market: Evidence from Bucharest",International Journal of Strategic Property Management,A,C2 선행성·정보내용,I,A TOM Bucharest
p035,R399,10.24957/hsr.2026.34.2.101,2026,Determinants of Time to Close in Housing Transactions: Evidence from Survival Analysis,Korean Association for Housing Policy Studies,A,C1 측정·정의·지수,I,A time to close KR 2026
p036,R268,10.1108/jerer-12-2025-0098,2026,Liquidity in housing markets: the effect of news sentiment on time on market,Journal of European Real Estate Research,A/D,C2 선행성·정보내용,I,A/D news sentiment TOM
p037,R378,10.1061/jupddm.upeng-5857,2026,Understanding Housing Market Dynamics through a Joint Model of Time-on-Market Duration and Listing Outcome of Residential Property Listings,Journal of urban planning and development,A,C2 선행성·정보내용,I,A joint model TOM outcome
p038,R493,10.1111/1540-6229.00038,2002,"Listing Price, Time on Market, and Ultimate Selling Price: Causes and Effects of Listing Price Changes",Real Estate Economics,B,C1 측정·정의·지수,I,B Knight2002
p039,ADD,10.1016/j.jue.2004.05.004,2004,Bargaining over residential real estate: evidence from England,Journal of Urban Economics,B,C1 측정·정의·지수,I,list price changes bargaining
p040,ADD,10.1162/003465306775565783,2006,Estimating House Price Indexes in the Presence of Seller Reservation Prices,Review of Economics and Statistics,B/C,C1 측정·정의·지수,I,Goetzmann Peng selection
p041,R239,10.1108/17539260910978481,2009,Measuring price expectations,Journal of European Real Estate Research,B,C1 측정·정의·지수,I,B asking price expectations
p042,ADD,10.1108/17538271011049731,2010,List price and sale price variation across the housing market cycle,International Journal of Housing Markets and Analysis,B,C2 선행성·정보내용,I,
p043,R718,10.1177/0042098010363496,2011,Bidding Conventions and the Degree of Overpricing in the Market for Houses,Urban Studies,B,C1 측정·정의·지수,I,B degree of overpricing
p044,ADD,10.1016/j.regsciurbeco.2013.03.001,2013,Asymmetric information and list-price reductions in the housing market,Regional Science and Urban Economics,B,C1 측정·정의·지수,I,de Wit van der Klaauw
p045,ADD,10.1111/reec.12015,2013,Bidding Wars for Houses,Real Estate Economics,B/C,C2 선행성·정보내용,I,above-list sales as heat
p046,R140,10.1108/17538271311306048,2013,Comparing alternative house price indices: evidence from asking prices in Malta,International Journal of Housing Markets and Analysis,B,C1 측정·정의·지수,I,B asking price index Malta
p047,ADD,10.1016/j.jhe.2013.01.003,2013,List price and sales prices of residential properties during booms and busts,Journal of Housing Economics,B,C2 선행성·정보내용,I,Haurin McGreal Adair
p048,R579,10.1515/remav-2015-0021,2015,The Comparative Analysis Of Asking And Traded Price Indices In Different Floor Area Subsegments Of The Residential Property Market,Real Estate Management and Valuation,B,C2 선행성·정보내용,I,B asking vs traded indices
p049,R806,10.1111/1475-4932.12242,2016,Dynamic and Static Asking Prices in the Sydney Housing Market,Economic Record,B,C1 측정·정의·지수,I,dynamic static asking prices Sydney EconRecord2016
p050,R589,10.1016/j.regsciurbeco.2016.04.001,2016,House prices at different stages of the buying/selling process,Regional Science and Urban Economics,B,C1 측정·정의·지수,I,B prices at stages of process
p051,R680,10.1007/s11146-016-9558-z,2016,The Effect of Listing Price Changes on the Selling Price of Single-Family Residential Homes,The Journal of Real Estate Finance and Economics,B,C1 측정·정의·지수,I,B listing price changes
p052,ADD,10.1162/rest_a_00634,2017,A More Timely House Price Index,Review of Economics and Statistics,B/D,C1 측정·정의·지수,I,Anenberg Laufer list-price index
p053,R092,10.1016/j.frl.2018.10.004,2019,Can list prices accurately capture housing price trends? Insights from extreme markets conditions,Finance Research Letters,B,C2 선행성·정보내용,I,B list prices vs price trends Ireland
p054,ADD,10.1016/j.jhe.2020.101715,2020,House price index based on online listing information: The case of China,Journal of Housing Economics,B/D,C1 측정·정의·지수,I,
p055,ADD,10.1007/s11146-019-09714-y,2020,"Properties that Sell at or above Listing Price: Strategic Pricing, Better Broker or Just Dumb Luck?",The Journal of Real Estate Finance and Economics,B,C1 측정·정의·지수,I,
p056,R317,10.2478/jos-2022-0017,2022,Early Real Estate Indicators during the COVID-19 Crisis,Journal of Official Statistics,B/D,C1 측정·정의·지수,I,B/D early indicators list-price data
p057,N463,10.1111/jfir.12308,2022,Signaling effects of recurrent list‐price reductions on the likelihood of house sales,The Journal of Financial Research,B,C2 선행성·정보내용,I,recurrent list-price reductions likelihood of sale J Financial Research
p058,N465,10.14801/jkiit.2023.21.10.37,2023,A Study on the Impact of Asking Price and Sales Volume on the Real Transaction Price of Apartment using Machine Learning,The Journal of Korean Institute of Information Technology,B/C/D,C2 선행성·정보내용,I,asking price and listing volume on transaction price ML KR
p059,R731,10.48264/vvsiev-20223102,2023,Interpretation and measurement of the spread between asking and selling prices in the Italian residential market [Interpretazione e misura dello spread tra prezzi richiesti e prezzi di vendita nel mercato residenziale italiano],Valori e Valutazioni,B,C1 측정·정의·지수,I,B asking-selling spread Italy
p060,ADD,10.1016/j.jhe.2022.101906,2023,Web-scraping housing prices in real-time: The Covid-19 crisis in the UK,Journal of Housing Economics,B/D,C1 측정·정의·지수,I,
p061,R043,10.3390/buildings14051471,2024,Machine Learning Insights: Exploring Key Factors Influencing Sale-to-List Ratio—Insights from SVM Classification and Recursive Feature Selection in the US Real Estate Market,Buildings,B/C,C1 측정·정의·지수,I,B/C sale-to-list ratio Zillow ML
p062,R571,10.1111/1540-6229.70013,2025,List prices and “hot” real estate markets,Real Estate Economics,B,C2 선행성·정보내용,I,B list prices hot markets
p063,N347,10.24957/hsr.2026.34.3.267,2026,Does Online Apartment Listing Volume Lead Price Changes?: The Role of Transaction Volume and a Comparison of Sale and Jeonse Markets,Korean Association for Housing Policy Studies,B/C/D,C2 선행성·정보내용,I,online listing volume leads price changes KR
p064,N119,10.1007/s10660-026-10107-6,2026,Dynamic hierarchical network-based framework for constructing a predictive index of offer–listing price differences in real estate E-commerce,Electronic Commerce Research,B/D,C2 선행성·정보내용,I,predictive index offer-listing price difference
p065,ADD,10.1006/jhec.1995.1005,1995,Incorporating the Number of Existing Home Sales into a Structural Model of the Market for Owner-Occupied Housing,Journal of Housing Economics,C,C2 선행성·정보내용,I,
p066,R651,10.1007/bf01099111,1995,Price spreads and residential housing market liquidity,The Journal of Real Estate Finance and Economics,C,C1 측정·정의·지수,I,C price spreads liquidity 1995
p067,ADD,10.1007/bf00217392,1996,Forecasting Connecticut home sales in a BVAR framework using coincident and leading indexes,The Journal of Real Estate Finance and Economics,C,C2 선행성·정보내용,I,home sales forecasting
p068,ADD,10.1023/a:1007718725609,1999,Using Leading Indicators to Forecast U.S. Home Sales in a Bayesian Vector Autoregressive Framework,The Journal of Real Estate Finance and Economics,C,C2 선행성·정보내용,I,home sales forecasting
p069,R350,10.1080/10835547.2002.12091081,2002,Testing Alternative Theories of the Property Price-Trading Volume Correlation,Journal of Real Estate Research,C,C2 선행성·정보내용,I,C price-volume theories
p070,R499,10.1111/j.1080-8620.2004.00106.x,2004,The Inventory–Sales Relationship in the Market for New Single‐Family Homes,Real Estate Economics,C,C2 선행성·정보내용,I,C inventory-sales new homes
p071,R275,10.1007/s10901-005-6762-1,2005,Running hot and cold in the urban home-ownership market: The experience of Japan?s major cities,Journal of Housing and the Built Environment,C,C2 선행성·정보내용,I,C hot cold Japan
p072,R326,10.1080/09599910802696615,2008,Trading Volume and Price Dispersion in Housing Markets,Journal of Property Research,C,C2 선행성·정보내용,I,C trading volume price dispersion
p073,R663,10.1007/s11146-008-9161-z,2008,Transaction Volume and Price Dispersion in the Presale and Spot Real Estate Markets,The Journal of Real Estate Finance and Economics,C/B,C2 선행성·정보내용,I,C/B presale spot volume dispersion
p074,N543,10.15793/kspr.2009.62..006,2009,Applications and Improvements of Real Estate Transaction Volume Statistics,국토연구,C,C1 측정·정의·지수,I,transaction volume statistics applications improvements 국토연구 KR
p075,R666,10.1007/s11146-009-9207-x,2009,"Housing Price Dynamics in Time and Space: Predictability, Liquidity and Investor Returns",The Journal of Real Estate Finance and Economics,C,C2 선행성·정보내용,I,C predictability liquidity returns
p076,ADD,10.1080/10835547.2010.12092026,2010,Could We Have Predicted the Recent Downturn in Home Sales in the Four U.S. Census Regions?,Journal of Housing Research,C,C2 선행성·정보내용,I,home sales forecasting
p077,N544,10.15793/kspr.2011.69..001,2011,Do Housing Trading Volume Explain Housing Prices or the Converse?,국토연구,C,C2 선행성·정보내용,I,do volumes explain prices or converse 국토연구 KR
p078,ADD,10.1111/j.1540-6229.2010.00292.x,2011,The Economic Impact of Anticipated House Price Changes—Evidence from Home Sales,Real Estate Economics,C,C2 선행성·정보내용,I,home sales volume
p079,ADD,10.1080/10835547.2012.12092059,2012,Integrating Real Estate Market Conditions into Home Price Forecasting Systems,Journal of Housing Research,C,C2 선행성·정보내용,I,Miller Sklarz lead indicators
p080,R674,10.1007/s11146-012-9375-y,2012,Trading Volume-Induced Spatial Autocorrelation in Real Estate Prices,The Journal of Real Estate Finance and Economics,C,C2 선행성·정보내용,I,C volume spatial autocorrelation
p081,R286,10.1016/j.jhe.2013.02.001,2013,Housing prices and transaction volume,Journal of Housing Economics,C,C2 선행성·정보내용,I,C
p082,R588,10.1016/j.regsciurbeco.2012.07.002,2013,Price and transaction volume in the Dutch housing market,Regional Science and Urban Economics,C,C2 선행성·정보내용,I,C deWit2013 volume
p083,N154,10.17092/jibr.2013.10.1.159,2013,The Relationship between Trading Volume and Purchase Price Index Volatility in Apartment Market,Global Business Administration Review,C,C2 선행성·정보내용,I?,trading volume price index volatility apartment low-tier
p084,R521,10.1111/reec.12003,2013,To Sell or Not to Sell: Measuring the Heat of the Housing Market,Real Estate Economics,C,C1 측정·정의·지수,I,C Carrillo2013
p085,N107,10.1016/j.econmod.2014.03.026,2014,Ripple effect in house prices and trading volume in the UK housing market: New viewpoint and evidence,Economic Modelling,C,C2 선행성·정보내용,I,ripple prices trading volume UK
p086,R288,10.1016/j.jhe.2015.04.003,2015,Anticipated vs. unanticipated house price movements and transaction volume,Journal of Housing Economics,C,C2 선행성·정보내용,I,C
p087,R528,10.1111/1540-6229.12082,2015,Can Tightness in the Housing Market Help Predict Subsequent Home Price Appreciation? Evidence from the United States and the Netherlands,Real Estate Economics,C,C2 선행성·정보내용,I,C Carrillo2015
p088,R794,10.1080/00036846.2015.1023943,2015,"Expectation, volatility and liquidity in the housing market",Applied Economics,C,C2 선행성·정보내용,I,expectation volatility liquidity AppliedEcon2015
p089,N218,10.1080/12265934.2016.1239548,2016,A study on the impact of changes in consumer sentiment on the housing market in Korea,International Journal of Urban Sciences,C/D,C2 선행성·정보내용,I,consumer sentiment trading volume KR
p090,N351,10.1016/j.landusepol.2016.05.008,2016,Does liquidity affect housing market performance? An empirical study with spatial panel approach,Land Use Policy,C,C1 측정·정의·지수,I,liquidity and housing market performance spatial panel Land Use Policy
p091,N167,10.1080/14036096.2016.1196240,2016,Fundamentals and Market Sentiment in Housing Market,Housing Theory and Society,C/D,C2 선행성·정보내용,I,sentiment transaction volume
p092,N343,10.24957/hsr.2017.25.3.01,2017,"Relationship Among News Coverage, Consumers’ Sentiment, Prices, and Trading Volume in Housing Markets",Korean Association for Housing Policy Studies,C/D,C2 선행성·정보내용,I,news coverage sentiment price trading volume PVAR KR
p093,N546,10.18032/kaaba.2017.30.11.1935,2017,The Relationship between Asymmetric Volatility and Trading Volume in the Korean Housing Market,대한경영학회지,C,C2 선행성·정보내용,I,asymmetric volatility and trading volume KR
p094,N422,10.22313/reik.2018.16.2.411,2018,A Study on the Effects of News Big Data and Google Information Search on Apartment Transaction Volume,Residential Environment Institute Of Korea,C/D,C2 선행성·정보내용,I,news big data Google search apartment transaction volume KR
p095,N442,10.26700/shuri.2018.12.8.3.51,2018,Causality and Predictability of Price-Volume in Housing Market - Evidence from Seoul and Busan Housing Markets -,SH Urban Research & Insight,C,C2 선행성·정보내용,I,price-volume causality Seoul Busan KR (SH Urban Research)
p096,N545,10.15793/kspr.2018.97..001,2018,Empirical Analyses of Factors Shaping the Relationship between Housing Price and Trading Volume based on Bounded Rationality,국토연구,C,C2 선행성·정보내용,I,factors shaping price-volume relation 국토연구 KR
p097,R542,10.1111/1540-6229.12269,2018,Home Sales Pair Counts: The<i>Organic</i>Metric for Trading Volume in Housing Markets,Real Estate Economics,C,C1 측정·정의·지수,I,C home sales pair counts volume
p098,N215,10.3846/ijspm.2018.5219,2018,INFORMATION CONTENT OF TRANSACTION VOLUME: THE HOUSING MARKET IN THE UNITED KINGDOM,International Journal of Strategic Property Management,C,C2 선행성·정보내용,I,information content transaction volume UK
p099,N276,10.30902/jrea.2018.4.1.85,2018,"Intervention Analysis of Apartment Trading Volume in Seoul, Korea",Journal of Real Estate Analysis,C,C2 선행성·정보내용,I,intervention analysis apartment trading volume Seoul KR
p100,N109,10.1080/1331677x.2018.1429289,2018,Market depth in the UK housing market,Economic Research-Ekonomska Istraživanja,C,C2 선행성·정보내용,I,market depth UK housing
p101,R648,10.1007/s00168-018-0870-9,2018,The cause and outcomes of the ripple effect: housing prices and transaction volume,The annals of regional science,C,C2 선행성·정보내용,I,C ripple prices volume
p102,N540,10.37103/kapp.21.3.2,2019,A Study on the Impact of the Trading Volume on Prices & Prices Volatility of Housing Market in Seoul and the Whole Country,공공정책연구,C,C2 선행성·정보내용,I,trading volume on prices and volatility Seoul 공공정책연구 KR
p103,N424,10.22313/reik.2019.17.4.31,2019,Consumer Sentiment in On-line Community and the Variation of Real Estate Market,Residential Environment Institute Of Korea,C/D,C2 선행성·정보내용,I,online community sentiment price transaction volume KR
p104,N349,10.1007/s12205-019-1926-9,2019,Forecasting Short-Term Housing Transaction Volumes using Time-Series and Internet Search Queries,KSCE Journal of Civil Engineering,C/D,C2 선행성·정보내용,I,internet search queries forecasting transaction volume KSCE
p105,ADD,10.1016/j.jue.2019.04.005,2019,The Repeat Time-On-The-Market Index,Journal of Urban Economics,C,C1 측정·정의·지수,I,Carrillo Williams repeat-TOM index — measurement core
p106,N425,10.22313/reik.2020.18.1.21,2020,A Study on the Dynamic Causal Relationship between Housing Price and Housing Trading Volume,Residential Environment Institute Of Korea,C,C2 선행성·정보내용,I,dynamic causality housing price and trading volume KR
p107,N553,10.31303/krear.2020.83.53,2020,A Study on the Interaction of Apartment Price and Transaction Volumein Seoul,부동산학보,C,C2 선행성·정보내용,I,interaction price and transaction volume Seoul 부동산학보 KR
p108,N555,10.19172/kreaa.26.3.8,2020,Behavioral Economic Analysis of Housing Transaction Volume,부동산학연구,C,C2 선행성·정보내용,I,behavioral economic analysis housing transaction volume 부동산학연구 KR
p109,N337,10.32989/rel.2020.24.2.53,2020,"Big Data Time Series Analysis of the Relationship Between News Coverage, Apartment Price and Trading Volume",Korea Association Of Real Estate Law,C/D,C2 선행성·정보내용,I,news coverage price trading volume VAR KR
p110,R152,10.1108/ijhma-02-2020-0017,2020,Hot and cold seasons in Texas housing markets,International Journal of Housing Markets and Analysis,C,C2 선행성·정보내용,I,C hot cold seasons Texas
p111,R227,10.1007/s11573-020-00990-2,2020,Liquidity and prices: a cluster analysis of the German residential real estate market,Journal of Business Economics,C,C2 선행성·정보내용,I,C liquidity indices German residential
p112,R687,10.1007/s11146-020-09815-z,2021,A Housing Supply Absorption Rate Equation,The Journal of Real Estate Finance and Economics,C,C1 측정·정의·지수,I,C absorption rate equation
p113,N219,10.1080/12265934.2021.1925142,2021,Features of the ripple effect in the US regional housing markets: a viewpoint of nonsynchronous trading,International Journal of Urban Sciences,C,C2 선행성·정보내용,I,ripple nonsynchronous trading
p114,N125,10.1108/ecam-10-2020-0850,2021,Forecasting trading volume in local housing markets through a time-series model and a deep learning algorithm,Engineering Construction & Architectural Management,C,C2 선행성·정보내용,I,forecasting trading volume local
p115,N261,10.38100/jhuf.2021.6.2.53,2021,Frequency domain analysis to detect common cycle in housing price and trading volume,Journal of Housing and Urban Finance,C,C2 선행성·정보내용,I,common cycle price volume KR
p116,N251,10.1016/j.jempfin.2021.10.003,2021,Housing market spillovers through the lens of transaction volume: A new spillover index approach,Journal of Empirical Finance,C,C2 선행성·정보내용,I,spillovers transaction volume J Empirical Finance
p117,N299,10.5762/kais.2022.23.3.273,2022,A Study on the Monthly Effect of Apartment Price and Transaction Volume: Focusing on New Cities in the Metropolitan Area,Journal of the Korea Academia-Industrial cooperation Society,C,C2 선행성·정보내용,I,monthly effect apartment price and transaction volume KR
p118,N188,10.1111/infi.12408,2022,Time‐varying impacts of expectations on housing markets across hot and cold phases,International Finance,C,C2 선행성·정보내용,I,expectations hot cold phases
p119,N464,10.22143/hss21.14.2.27,2023,"Effects of Consumer Sentiment, Interest Rate, and Transaction Volume on Housing Price Using the BVAR",The Journal of Humanities and Social sciences 21,C,C2 선행성·정보내용,I,sentiment interest rate transaction volume BVAR KR
p120,R558,10.1111/1540-6229.12463,2023,"House price seasonality, market activity, and the December discount",Real Estate Economics,C,C2 선행성·정보내용,I,C seasonality market activity Norway
p121,R165,10.1108/ijhma-08-2023-0113,2023,"Sale to list ratio, for-sale inventory, sale count, and housing value",International Journal of Housing Markets and Analysis,C,C1 측정·정의·지수,I,C sale-to-list inventory sale count
p122,N549,10.37407/kres.2024.42.1.211,2024,A Study on the Causality of Housing Price and Trading by Cyclical Variation: Focused on Housing market of Seoul,대한부동산학회지,C,C2 선행성·정보내용,I,causality price and trading cyclical variation KR
p123,N470,10.5392/jkca.2024.24.01.621,2024,Dynamic Relationship between Housing Sales Price and Transaction Volume by Housing Type in the Metropolitan Area,The Journal of the Korea Contents Association,C,C2 선행성·정보내용,I,price-volume dynamics by housing type KR
p124,R590,10.1016/j.regsciurbeco.2024.103997,2024,Local Constant-Quality Housing Market Liquidity Indices,Regional Science and Urban Economics,C,C1 측정·정의·지수,I,C vanDijk2024
p125,R171,10.1108/ijhma-09-2023-0118,2024,Spatial and temporal diffusion of property prices and sales across British regions,International Journal of Housing Markets and Analysis,C,C2 선행성·정보내용,I,C prices and sales diffusion Britain
p126,N223,10.26650/istjecon2025-1707729,2025,From Causes to Forecasts: Granger Causality and Machine Learning Predictions of Housing Sales in Türkiye,Istanbul Journal of Economics / İstanbul İktisat Dergisi,C,C2 선행성·정보내용,I,housing sales Granger ML Türkiye
p127,N144,10.1111/fire.70004,2025,Housing Market Spillovers in China via Trading Volume: A Comparison of Two Spillover Indexes,Financial Review,C,C2 선행성·정보내용,I,spillovers via trading volume China
p128,R395,10.37407/kres.2026.44.3.315,2026,A Study on the Typology of the Busan Housing Market Considering Price Differentiation and Transaction Liquidity,Korea Real Estate Society,C,C1 측정·정의·지수,I,C Busan typology KR
p129,N166,10.52344/hfr.2026.10.1.133,2026,Apartment Transaction Volume and Price Volatility: Construction and Application of a Transaction-Volume-Based Price Uncertainty Index,Housing Finance Research,C,C2 선행성·정보내용,I,transaction-volume-based index KR
p130,N185,10.1098/rsfs.2025.0069,2026,From prediction to explanation for price–volume dynamics in real estate market,Interface Focus,C,C2 선행성·정보내용,I,price-volume dynamics explanation
p131,R696,10.1007/s11146-026-10080-9,2026,"Frozen Markets, Falling Prices: Illiquidity and Bounded Price Discovery in U.S. Neighborhood Housing Markets",The Journal of Real Estate Finance and Economics,C,C2 선행성·정보내용,I,C Frozen markets 2026
p132,R273,10.4236/jfrm.2026.152007,2026,Housing Prices and Transaction Volumes in Taiwan Region’s Six Major Cities,Journal of Financial Risk Management,C,C2 선행성·정보내용,I,C prices volumes Taiwan
p133,ADD,10.1080/10835547.2013.12091364,2013,Forecasting Residential Real Estate Price Changes from Online Search Activity,Journal of Real Estate Research,D,C2 선행성·정보내용,I,Beracha Wintoki
p134,ADD,10.1007/s11146-014-9493-9,2015,Intercity Information Diffusion and Price Discovery in Housing Markets: Evidence from Google Searches,The Journal of Real Estate Finance and Economics,D,C2 선행성·정보내용,I,
p135,ADD,10.1007/s11146-015-9496-1,2015,"Online Information Search, Market Fundamentals and Apartment Real Estate",The Journal of Real Estate Finance and Economics,D,C2 선행성·정보내용,I,
p136,R146,10.1108/ijhma-12-2014-0058,2016,Sentiment-based predictions of housing market turning points with Google trends,International Journal of Housing Markets and Analysis,D,C2 선행성·정보내용,I,D Google trends turning points
p137,R537,10.1111/1540-6229.12187,2017,"Internet Search Behavior, Liquidity and Prices in the Housing Market",Real Estate Economics,D,C2 선행성·정보내용,I,D vanDijkFrancke2017
p138,R088,10.1140/epjds/s13688-018-0176-2,2018,Home is where the ad is: online interest proxies housing demand,EPJ Data Science,D,C1 측정·정의·지수,I,D online interest housing demand
p139,R550,10.1111/1540-6229.12335,2020,"<i>FEAR Index</i>, city characteristics, and housing returns",Real Estate Economics,D,C2 선행성·정보내용,I,D FEAR index search
p140,ADD,10.1007/s11146-020-09789-y,2020,"Google Search Queries, Foreclosures, and House Prices",The Journal of Real Estate Finance and Economics,D,C2 선행성·정보내용,I,
p141,ADD,10.1257/aer.20141772,2020,Segmented Housing Search,American Economic Review,D/A,C2 선행성·정보내용,I,Piazzesi Schneider Stroebel
p142,N220,10.53383/100332,2021,Use of Google Trends to Predict the Real Estate Market: Evidence from the United Kingdom,International Real Estate Review,D,C2 선행성·정보내용,I,Google Trends UK IRER
p143,ADD,10.1111/jofi.13208,2023,"Local Experiences, Search, and Spillovers in the Housing Market",The Journal of Finance,D,C2 선행성·정보내용,I,Gargano Giacoletti Jarnecic (journal version of SSRN R832)
p144,ADD,10.2478/remav-2023-0032,2023,Predicting Housing Price Trends in Poland: Online Social Engagement - Google Trends,Real Estate Management and Valuation,D,C2 선행성·정보내용,I,
p145,R172,10.1108/ijhma-12-2023-0166,2024,Housing search activity and quantiles-based predictability of housing price movements in the USA,International Journal of Housing Markets and Analysis,D,C2 선행성·정보내용,I,D search activity predictability
p146,ADD,10.1108/jerer-07-2025-0060,2026,From digital search to deed: forecasting UK housing purchases in Spain using Google Trends across the Brexit divide,Journal of European Real Estate Research,D,C2 선행성·정보내용,I,
p147,R294,10.1016/j.jhe.2026.102163,2026,House hunting high and low: Constructing a Housing Search Index for Portugal,Journal of Housing Economics,D,C2 선행성·정보내용,I,D
p148,N556,10.5626/ktcp.2026.32.3.89,2026,Real Estate News Data by Living District in Seoul Trend Analysis Research Through Topic Modeling and Sentiment Analysis: Focusing on Apartment and Non-Apartment Transaction Volume,정보과학회 컴퓨팅의 실제 논문지,D,C2 선행성·정보내용,I,news sentiment and transaction volume topic modeling 정보과학회 KR
