week,assign_date,due_date,person,workload,layer,tier,first_author,year,title,venue,doi,status,note,checker
W01,2026-10-19,2026-10-23,박사,full,core,A/C,Moore J,1987,An Investigation of the Major Influences of Residential Liquidity: A Multivariate Approach,Real Estate Economics,10.1111/1540-6229.00410,I,A/C residential liquidity 1987,석사①
W01,2026-10-19,2026-10-23,박사,full,core,C,G. Jud,1995,Price spreads and residential housing market liquidity,The Journal of Real Estate Finance and Economics,10.1007/bf01099111,I,C price spreads liquidity 1995,석사①
W01,2026-10-19,2026-10-23,석사①,full,core,B/C,,2006,Estimating House Price Indexes in the Presence of Seller Reservation Prices,Review of Economics and Statistics,10.1162/003465306775565783,I,Goetzmann Peng selection,박사
W01,2026-10-19,2026-10-23,석사①,full,core,C,김현아,2009,Applications and Improvements of Real Estate Transaction Volume Statistics,국토연구,10.15793/kspr.2009.62..006,I,transaction volume statistics applications improvements 국토연구 KR,박사
W01,2026-10-19,2026-10-23,석사②,full,core,B,John R. Knight,2002,"Listing Price, Time on Market, and Ultimate Selling Price: Causes and Effects of Listing Price Changes",Real Estate Economics,10.1111/1540-6229.00038,I,B Knight2002,학부①
W01,2026-10-19,2026-10-23,석사②,full,core,B,,2004,Bargaining over residential real estate: evidence from England,Journal of Urban Economics,10.1016/j.jue.2004.05.004,I,list price changes bargaining,학부①
W01,2026-10-19,2026-10-23,이원석,full,core,A,Ken H. Johnson,2007,The Probability of Sale for Residential Real Estate,Journal of Housing Research,10.1080/10835547.2007.12091978,I,A,학부④
W01,2026-10-19,2026-10-23,학부①,full,core,A,D. Haurin,1988,The Duration of Marketing Time of Residential Housing,Real Estate Economics,10.1111/1540-6229.00463,I,A Haurin1988,석사②
W01,2026-10-19,2026-10-23,학부②,full,core,A,Kluger B,1990,Measuring Residential Real Estate Liquidity,Real Estate Economics,10.1111/1540-6229.00514,I,A Kluger1990,학부③
W01,2026-10-19,2026-10-23,학부③,full,core,A,R. Kalra,1994,"Censored Sample Bias, Macroeconomic Factors, and Time on Market of Residential Housing",Journal of Real Estate Research,10.1080/10835547.1994.12090750,I,A censored TOM 1994,학부②
W01,2026-10-19,2026-10-23,학부④,full,core,A,Tae-Kyung Kim,2003,Exploring Spatial Effects on Urban Housing Duration,Environment and Planning A Economy and Space,10.1068/a35170,I,spatial effects housing duration,이원석
W02,2026-10-26,2026-10-30,박사,full,core,A/C,,2012,Cross sectional Analysis of time on Market indicators for an Australian City,Pacific Rim Property Research Journal,10.1080/14445921.2012.11104370,I,TOM indicators Adelaide,석사①
W02,2026-10-26,2026-10-30,박사,full,core,C,Paul E. Carrillo,2013,To Sell or Not to Sell: Measuring the Heat of the Housing Market,Real Estate Economics,10.1111/reec.12003,I,C Carrillo2013,석사①
W02,2026-10-26,2026-10-30,석사①,full,core,C,Xian Zheng,2016,Does liquidity affect housing market performance? An empirical study with spatial panel approach,Land Use Policy,10.1016/j.landusepol.2016.05.008,I,liquidity and housing market performance spatial panel Land Use Policy,박사
W02,2026-10-26,2026-10-30,석사①,full,core,C,Giannetti A,2018,Home Sales Pair Counts: The<i>Organic</i>Metric for Trading Volume in Housing Markets,Real Estate Economics,10.1111/1540-6229.12269,I,C home sales pair counts volume,박사
W02,2026-10-26,2026-10-30,석사②,full,core,B,Taltavull P,2009,Measuring price expectations,Journal of European Real Estate Research,10.1108/17539260910978481,I,B asking price expectations,학부①
W02,2026-10-26,2026-10-30,석사②,full,core,B,G. Pryce,2011,Bidding Conventions and the Degree of Overpricing in the Market for Houses,Urban Studies,10.1177/0042098010363496,I,B degree of overpricing,학부①
W02,2026-10-26,2026-10-30,이원석,full,core,A,S. Stevenson,2013,The Probability of Sale and Price Premiums in Withdrawn Auctioned Properties*,Urban Studies,10.1177/0042098014529341,I,A probability of sale withdrawn auctions,학부④
W02,2026-10-26,2026-10-30,학부①,full,core,A,Brent C Smith,2009,Spatial Heterogeneity in Listing Duration: The Influence of Relative Location to Marketability,Journal of Housing Research,10.1080/10835547.2009.12092005,I,A,석사②
W02,2026-10-26,2026-10-30,학부②,full,core,A,Bennie D. Waller,2010,Liquidating Real Estate Assets Quickly: What Affects the Probability of a Quick Sale?,Journal of Real Estate Practice and Education,10.1080/10835547.2010.12091669,I,A quick sale probability,학부③
W02,2026-10-26,2026-10-30,학부③,full,core,A,A. Brint,2012,Modelling a property's time to sale by inflating its previous selling price,Journal of the Operational Research Society,10.1057/jors.2011.74,I,A time to sale JORS,학부②
W02,2026-10-26,2026-10-30,학부④,full,core,A,Paul E. Carrillo,2012,Are homes hot or cold potatoes? The distribution of marketing time in the housing market,Regional Science and Urban Economics,10.1016/j.regsciurbeco.2011.08.010,I,A TOM distribution RSUE2012,이원석
W03,2026-11-02,2026-11-06,박사,full,core,A/C,Ekaterina Chernobai,2019,Liquidity Imbalance in the Residential Real Estate Market,Journal of Housing Research,10.1080/10527001.2020.1776513,I,A/C,석사①
W03,2026-11-02,2026-11-06,박사,full,core,C,,2019,The Repeat Time-On-The-Market Index,Journal of Urban Economics,10.1016/j.jue.2019.04.005,I,Carrillo Williams repeat-TOM index — measurement core,석사①
W03,2026-11-02,2026-11-06,석사①,full,core,C,Murray C,2021,A Housing Supply Absorption Rate Equation,The Journal of Real Estate Finance and Economics,10.1007/s11146-020-09815-z,I,C absorption rate equation,박사
W03,2026-11-02,2026-11-06,석사①,full,core,C,Zhang X,2023,"Sale to list ratio, for-sale inventory, sale count, and housing value",International Journal of Housing Markets and Analysis,10.1108/ijhma-08-2023-0113,I,C sale-to-list inventory sale count,박사
W03,2026-11-02,2026-11-06,석사②,full,core,B,Falzon J,2013,Comparing alternative house price indices: evidence from asking prices in Malta,International Journal of Housing Markets and Analysis,10.1108/17538271311306048,I,B asking price index Malta,학부①
W03,2026-11-02,2026-11-06,석사②,full,core,B,,2013,Asymmetric information and list-price reductions in the housing market,Regional Science and Urban Economics,10.1016/j.regsciurbeco.2013.03.001,I,de Wit van der Klaauw,학부①
W03,2026-11-02,2026-11-06,이원석,full,core,A,S. McGreal,2016,Measuring the influence of space and time effects on time on the market,Urban Studies,10.1177/0042098015596923,I,A TOM space time Adelaide,학부④
W03,2026-11-02,2026-11-06,학부①,full,core,A,Vanda Martins,2015,For sale… but for how long? a methodological proposal for estimating time-on-the-market,International Journal of Strategic Property Management,10.3846/1648715x.2015.1072746,I,A estimating TOM method,석사②
W03,2026-11-02,2026-11-06,학부②,full,core,A,Patrick S. Smith,2015,The Effect of Relisting on House Selling Price,Journal of real estate finance and economics,10.1007/s11146-015-9503-6,I,A relisting price,학부③
W03,2026-11-02,2026-11-06,학부③,full,core,A,,2015,Does Time-on-Market Measurement Matter?,The Journal of Real Estate Finance and Economics,10.1007/s11146-013-9450-z,I,Benefield Hardin measurement,학부②
W03,2026-11-02,2026-11-06,학부④,full,core,A,Jean Dubé,2016,A Spatiotemporal Solution for the Simultaneous Sale Price and Time‐on‐the‐Market Problem,Real Estate Economics,10.1111/1540-6229.12121,I,A Dube2016,이원석
W04,2026-11-09,2026-11-13,박사,full,core,B/C,Janusz Sobieraj,2024,Machine Learning Insights: Exploring Key Factors Influencing Sale-to-List Ratio—Insights from SVM Classification and Recursive Feature Selection in the US Real Estate Market,Buildings,10.3390/buildings14051471,I,B/C sale-to-list ratio Zillow ML,석사①
W04,2026-11-09,2026-11-13,박사,full,core,C,D. V. van Dijk,2024,Local Constant-Quality Housing Market Liquidity Indices,Regional Science and Urban Economics,10.1016/j.regsciurbeco.2024.103997,I,C vanDijk2024,석사①
W04,2026-11-09,2026-11-13,석사①,full,core,C,Y. Oh,2026,A Study on the Typology of the Busan Housing Market Considering Price Differentiation and Transaction Liquidity,Korea Real Estate Society,10.37407/kres.2026.44.3.315,I,C Busan typology KR,박사
W04,2026-11-09,2026-11-13,석사①,full,core,C,,1995,Incorporating the Number of Existing Home Sales into a Structural Model of the Market for Owner-Occupied Housing,Journal of Housing Economics,10.1006/jhec.1995.1005,I,,박사
W04,2026-11-09,2026-11-13,석사②,full,core,B,Shimizu C,2016,House prices at different stages of the buying/selling process,Regional Science and Urban Economics,10.1016/j.regsciurbeco.2016.04.001,I,B prices at stages of process,학부①
W04,2026-11-09,2026-11-13,석사②,full,core,B,Gordon B,2016,The Effect of Listing Price Changes on the Selling Price of Single-Family Residential Homes,The Journal of Real Estate Finance and Economics,10.1007/s11146-016-9558-z,I,B listing price changes,학부①
W04,2026-11-09,2026-11-13,이원석,full,core,A,A. F. Kamara,2020,A hybrid neural network for predicting Days on Market a measure of liquidity in real estate industry,Knowledge-Based Systems,10.1016/j.knosys.2020.106417,I,A DOM neural KBS,학부④
W04,2026-11-09,2026-11-13,학부①,full,core,A,R. Pace,2019,"The influence of house, seller, and locational factors on the probability of sale",Journal of Housing Economics,10.1016/j.jhe.2018.09.009,I,A,석사②
W04,2026-11-09,2026-11-13,학부②,full,core,A,Jin-soo Ko,2019,Factors Affecting the Days on Market of Residential Real Estate in Seoul,Korean Association for Housing Policy Studies,10.24957/hsr.2019.27.1.05,I,A Ko2019 KR,학부③
W04,2026-11-09,2026-11-13,학부③,full,core,A,Jae-yeong Yang,2019,The Effect of Apartment Housing Characteristics on the Days On Market(DOM),The Korean Association of Urban Policies,10.21447/jup.2019.10.3.101,I,A YangKo2019 KR,학부②
W04,2026-11-09,2026-11-13,학부④,full,core,A,N. Wickramaarachchi,2020,Key determinants of time on the market: an analysis of residential housing market in Sri Lanka,International Journal of Housing Markets and Analysis,10.1108/ijhma-06-2020-0071,I,A TOM Sri Lanka,이원석
W05,2026-11-16,2026-11-20,박사,full,core,C,,1996,Forecasting Connecticut home sales in a BVAR framework using coincident and leading indexes,The Journal of Real Estate Finance and Economics,10.1007/bf00217392,I,home sales forecasting,석사①
W05,2026-11-16,2026-11-20,박사,full,core,C,,1999,Using Leading Indicators to Forecast U.S. Home Sales in a Bayesian Vector Autoregressive Framework,The Journal of Real Estate Finance and Economics,10.1023/a:1007718725609,I,home sales forecasting,석사①
W05,2026-11-16,2026-11-20,석사①,full,core,C,Leung C,2002,Testing Alternative Theories of the Property Price-Trading Volume Correlation,Journal of Real Estate Research,10.1080/10835547.2002.12091081,I,C price-volume theories,박사
W05,2026-11-16,2026-11-20,석사①,full,core,C,Falk B,2004,The Inventory–Sales Relationship in the Market for New Single‐Family Homes,Real Estate Economics,10.1111/j.1080-8620.2004.00106.x,I,C inventory-sales new homes,박사
W05,2026-11-16,2026-11-20,석사②,full,core,B,Peyman Khezr,2016,Dynamic and Static Asking Prices in the Sydney Housing Market,Economic Record,10.1111/1475-4932.12242,I,dynamic static asking prices Sydney EconRecord2016,학부①
W05,2026-11-16,2026-11-20,석사②,full,core,B/D,,2017,A More Timely House Price Index,Review of Economics and Statistics,10.1162/rest_a_00634,I,Anenberg Laufer list-price index,학부①
W05,2026-11-16,2026-11-20,이원석,full,core,A,Hyungkeun Kim,2026,Determinants of Time to Close in Housing Transactions: Evidence from Survival Analysis,Korean Association for Housing Policy Studies,10.24957/hsr.2026.34.2.101,I,A time to close KR 2026,학부④
W05,2026-11-16,2026-11-20,학부①,full,core,A,S. B. Caudill,2021,Time on the Market and Probability of Sale Using a Generalized Geometric Hazard Model,Journal of Econometric Methods,10.1515/jem-2020-0017,I,A TOM probability of sale hazard,석사②
W05,2026-11-16,2026-11-20,학부②,full,core,A,Tatiana Cesaroni,2021,Average time to sell a property and credit conditions: Evidence from the Italian housing market survey,Bulletin of Economic Research,10.1111/boer.12284,I,TOM credit conditions Italy BER2021,학부③
W05,2026-11-16,2026-11-20,학부③,full,core,A,O. Adegoke,2022,"The Impacts of Property Features on Time on Market of Real Estate Assets in Lagos Metropolis, Nigeria",UNIOSUN Journal of Engineering and Environmental Sciences,10.36108/ujees/2202.40.0210,I,A Lagos TOM low-tier,학부②
W05,2026-11-16,2026-11-20,학부④,full,core,A,Yicong Liu,2024,Modeling home property listings’ time-on-market duration and listing outcome using copula-based competing risk method,Journal of Transport and Land Use,10.5198/jtlu.2024.2447,I,A competing risk TOM,이원석
W06,2026-11-23,2026-11-27,박사,full,core,C,Hirayama Y,2005,Running hot and cold in the urban home-ownership market: The experience of Japan?s major cities,Journal of Housing and the Built Environment,10.1007/s10901-005-6762-1,I,C hot cold Japan,석사①
W06,2026-11-23,2026-11-27,박사,full,core,C,C. Yiu,2008,Trading Volume and Price Dispersion in Housing Markets,Journal of Property Research,10.1080/09599910802696615,I,C trading volume price dispersion,석사①
W06,2026-11-23,2026-11-27,석사①,full,core,C/B,Yiu C,2008,Transaction Volume and Price Dispersion in the Presale and Spot Real Estate Markets,The Journal of Real Estate Finance and Economics,10.1007/s11146-008-9161-z,I,C/B presale spot volume dispersion,박사
W06,2026-11-23,2026-11-27,석사①,full,core,C,Hwang M,2009,"Housing Price Dynamics in Time and Space: Predictability, Liquidity and Investor Returns",The Journal of Real Estate Finance and Economics,10.1007/s11146-009-9207-x,I,C predictability liquidity returns,박사
W06,2026-11-23,2026-11-27,석사②,full,core,B/D,,2020,House price index based on online listing information: The case of China,Journal of Housing Economics,10.1016/j.jhe.2020.101715,I,,학부①
W06,2026-11-23,2026-11-27,석사②,full,core,B,,2020,"Properties that Sell at or above Listing Price: Strategic Pricing, Better Broker or Just Dumb Luck?",The Journal of Real Estate Finance and Economics,10.1007/s11146-019-09714-y,I,,학부①
W06,2026-11-23,2026-11-27,이원석,full,core,A,V. Bello,2015,"Marketing Time and Sales Price of Residential Properties in Akure, Nigeria",Journal of economics and sustainable development,,I,A marketing time Akure,학부④
W06,2026-11-23,2026-11-27,학부①,full,core,A,,2006,Submarket Dynamics of Time to Sale,Real Estate Economics,10.1111/j.1540-6229.2006.00171.x,I,Pryce Gibb 2006,석사②
W06,2026-11-23,2026-11-27,학부②,full,core,A/C,C. Leung,2011,"Housing price, trading volume and time on market [title garbled in source; verify in IRER 2011]",International Real Estate Review,10.53383/100144,I,A/C price-volume-TOM IRER 2011 (title to fix),학부③
W06,2026-11-23,2026-11-27,학부③,full,core,A/D,Chernobai E,2012,House Search Duration in Hot and Cold Residential Markets,Real Estate Economics,10.1111/j.1540-6229.2012.00329.x,I,A/D house search duration hot cold,학부②
W06,2026-11-23,2026-11-27,학부④,full,core,A,Catherine E. Tucker,2013,Days on market and home sales,The RAND Journal of Economics,10.1111/1756-2171.12022,I,A Tucker2013,이원석
W07,2026-11-30,2026-12-04,박사,full,core,C,,2010,Could We Have Predicted the Recent Downturn in Home Sales in the Four U.S. Census Regions?,Journal of Housing Research,10.1080/10835547.2010.12092026,I,home sales forecasting,석사①
W07,2026-11-30,2026-12-04,박사,full,core,C,,2011,The Economic Impact of Anticipated House Price Changes—Evidence from Home Sales,Real Estate Economics,10.1111/j.1540-6229.2010.00292.x,I,home sales volume,석사①
W07,2026-11-30,2026-12-04,석사①,full,core,C,임재만,2011,Do Housing Trading Volume Explain Housing Prices or the Converse?,국토연구,10.15793/kspr.2011.69..001,I,do volumes explain prices or converse 국토연구 KR,박사
W07,2026-11-30,2026-12-04,석사①,full,core,C,Wong S,2012,Trading Volume-Induced Spatial Autocorrelation in Real Estate Prices,The Journal of Real Estate Finance and Economics,10.1007/s11146-012-9375-y,I,C volume spatial autocorrelation,박사
W07,2026-11-30,2026-12-04,석사②,full,peripheral,B/D,Norbert Pfeifer,2022,Early Real Estate Indicators during the COVID-19 Crisis,Journal of Official Statistics,10.2478/jos-2022-0017,I,B/D early indicators list-price data,학부①
W07,2026-11-30,2026-12-04,석사②,full,core,B,Benedetto Manganelli,2023,Interpretation and measurement of the spread between asking and selling prices in the Italian residential market [Interpretazione e misura dello spread tra prezzi richiesti e prezzi di vendita nel mercato residenziale italiano],Valori e Valutazioni,10.48264/vvsiev-20223102,I,B asking-selling spread Italy,학부①
W07,2026-11-30,2026-12-04,이원석,full,core,A,Yicong Liu,2026,Understanding Housing Market Dynamics through a Joint Model of Time-on-Market Duration and Listing Outcome of Residential Property Listings,Journal of urban planning and development,10.1061/jupddm.upeng-5857,I,A joint model TOM outcome,학부④
W07,2026-11-30,2026-12-04,학부①,full,core,A,Justin D. Benefield,2020,Solving Old Puzzles with New Tricks: Addressing Endogeneity and Nonlinearity in Time-on-Market Research,Journal of Real Estate Research,10.1080/08965803.2020.1844476,I,A endogeneity nonlinearity TOM,석사②
W07,2026-11-30,2026-12-04,학부②,full,core,D/A,,2020,Segmented Housing Search,American Economic Review,10.1257/aer.20141772,I,Piazzesi Schneider Stroebel,학부③
W07,2026-11-30,2026-12-04,학부③,full,core,A,Paloma Taltavull de La Paz,2025,"Apartment prices, the business cycle and time on market: Evidence from Bucharest",International Journal of Strategic Property Management,10.3846/ijspm.2025.23319,I,A TOM Bucharest,학부②
W07,2026-11-30,2026-12-04,학부④,full,core,A/D,Filip von Wehrt,2026,Liquidity in housing markets: the effect of news sentiment on time on market,Journal of European Real Estate Research,10.1108/jerer-12-2025-0098,I,A/D news sentiment TOM,이원석
W08,2026-12-07,2026-12-11,박사,full,core,C,,2012,Integrating Real Estate Market Conditions into Home Price Forecasting Systems,Journal of Housing Research,10.1080/10835547.2012.12092059,I,Miller Sklarz lead indicators,석사①
W08,2026-12-07,2026-12-11,박사,full,core,C,Akkoyun H,2013,Housing prices and transaction volume,Journal of Housing Economics,10.1016/j.jhe.2013.02.001,I,C,석사①
W08,2026-12-07,2026-12-11,석사①,full,core,C,de Wit E,2013,Price and transaction volume in the Dutch housing market,Regional Science and Urban Economics,10.1016/j.regsciurbeco.2012.07.002,I,C deWit2013 volume,박사
W08,2026-12-07,2026-12-11,석사①,full,core,B/C,,2013,Bidding Wars for Houses,Real Estate Economics,10.1111/reec.12015,I,above-list sales as heat,박사
W08,2026-12-07,2026-12-11,석사②,full,peripheral,B/D,,2023,Web-scraping housing prices in real-time: The Covid-19 crisis in the UK,Journal of Housing Economics,10.1016/j.jhe.2022.101906,I,,학부①
W08,2026-12-07,2026-12-11,석사②,full,core,B,,2010,List price and sale price variation across the housing market cycle,International Journal of Housing Markets and Analysis,10.1108/17538271011049731,I,,학부①
W08,2026-12-07,2026-12-11,이원석,full,core,C/D,Chun Haejung,2016,A study on the impact of changes in consumer sentiment on the housing market in Korea,International Journal of Urban Sciences,10.1080/12265934.2016.1239548,I,consumer sentiment trading volume KR,학부④
W08,2026-12-07,2026-12-11,학부①,full,core,D,Marco Pangallo,2018,Home is where the ad is: online interest proxies housing demand,EPJ Data Science,10.1140/epjds/s13688-018-0176-2,I,D online interest housing demand,석사②
W08,2026-12-07,2026-12-11,학부②,full,core,D,,2013,Forecasting Residential Real Estate Price Changes from Online Search Activity,Journal of Real Estate Research,10.1080/10835547.2013.12091364,I,Beracha Wintoki,학부③
W08,2026-12-07,2026-12-11,학부③,full,core,B,,2013,List price and sales prices of residential properties during booms and busts,Journal of Housing Economics,10.1016/j.jhe.2013.01.003,I,Haurin McGreal Adair,학부②
W08,2026-12-07,2026-12-11,학부④,full,core,C,Hansoo Yoo,2013,The Relationship between Trading Volume and Purchase Price Index Volatility in Apartment Market,Global Business Administration Review,10.17092/jibr.2013.10.1.159,I?,trading volume price index volatility apartment low-tier,이원석
W09,2026-12-14,2026-12-18,박사,full,core,C,I‐Chun Tsai,2014,Ripple effect in house prices and trading volume in the UK housing market: New viewpoint and evidence,Economic Modelling,10.1016/j.econmod.2014.03.026,I,ripple prices trading volume UK,석사①
W09,2026-12-14,2026-12-18,박사,full,core,C,Arslan Y,2015,Anticipated vs. unanticipated house price movements and transaction volume,Journal of Housing Economics,10.1016/j.jhe.2015.04.003,I,C,석사①
W09,2026-12-14,2026-12-18,석사①,full,core,C,Carrillo P,2015,Can Tightness in the Housing Market Help Predict Subsequent Home Price Appreciation? Evidence from the United States and the Netherlands,Real Estate Economics,10.1111/1540-6229.12082,I,C Carrillo2015,박사
W09,2026-12-14,2026-12-18,석사①,full,core,C,Xian Zheng,2015,"Expectation, volatility and liquidity in the housing market",Applied Economics,10.1080/00036846.2015.1023943,I,expectation volatility liquidity AppliedEcon2015,박사
W09,2026-12-14,2026-12-18,석사②,full,core,B,Kokot S,2015,The Comparative Analysis Of Asking And Traded Price Indices In Different Floor Area Subsegments Of The Residential Property Market,Real Estate Management and Valuation,10.1515/remav-2015-0021,I,B asking vs traded indices,학부①
W09,2026-12-14,2026-12-18,석사②,full,core,B,Ronan C. Lyons,2019,Can list prices accurately capture housing price trends? Insights from extreme markets conditions,Finance Research Letters,10.1016/j.frl.2018.10.004,I,B list prices vs price trends Ireland,학부①
W09,2026-12-14,2026-12-18,이원석,full,core,C/D,Jae-Man Lim,2017,"Relationship Among News Coverage, Consumers’ Sentiment, Prices, and Trading Volume in Housing Markets",Korean Association for Housing Policy Studies,10.24957/hsr.2017.25.3.01,I,news coverage sentiment price trading volume PVAR KR,학부④
W09,2026-12-14,2026-12-18,학부①,full,core,D,,2015,Intercity Information Diffusion and Price Discovery in Housing Markets: Evidence from Google Searches,The Journal of Real Estate Finance and Economics,10.1007/s11146-014-9493-9,I,,석사②
W09,2026-12-14,2026-12-18,학부②,full,core,D,,2015,"Online Information Search, Market Fundamentals and Apartment Real Estate",The Journal of Real Estate Finance and Economics,10.1007/s11146-015-9496-1,I,,학부③
W09,2026-12-14,2026-12-18,학부③,full,core,D,Dietzel M,2016,Sentiment-based predictions of housing market turning points with Google trends,International Journal of Housing Markets and Analysis,10.1108/ijhma-12-2014-0058,I,D Google trends turning points,학부②
W09,2026-12-14,2026-12-18,학부④,full,core,C/D,Ziyou Wang,2016,Fundamentals and Market Sentiment in Housing Market,Housing Theory and Society,10.1080/14036096.2016.1196240,I,sentiment transaction volume,이원석
W10,2026-12-21,2026-12-25,박사,full,core,C,Jeehye Kim,2017,The Relationship between Asymmetric Volatility and Trading Volume in the Korean Housing Market,대한경영학회지,10.18032/kaaba.2017.30.11.1935,I,asymmetric volatility and trading volume KR,석사①
W10,2026-12-21,2026-12-25,박사,full,core,C,I. Tsai,2018,The cause and outcomes of the ripple effect: housing prices and transaction volume,The annals of regional science,10.1007/s00168-018-0870-9,I,C ripple prices volume,석사①
W10,2026-12-21,2026-12-25,석사①,full,core,C,Huey-Cherng Tsai,2018,Market depth in the UK housing market,Economic Research-Ekonomska Istraživanja,10.1080/1331677x.2018.1429289,I,market depth UK housing,박사
W10,2026-12-21,2026-12-25,석사①,full,core,C,I‐Chun Tsai,2018,INFORMATION CONTENT OF TRANSACTION VOLUME: THE HOUSING MARKET IN THE UNITED KINGDOM,International Journal of Strategic Property Management,10.3846/ijspm.2018.5219,I,information content transaction volume UK,박사
W10,2026-12-21,2026-12-25,석사②,full,core,B,Lawrence Kryzanowski,2022,Signaling effects of recurrent list‐price reductions on the likelihood of house sales,The Journal of Financial Research,10.1111/jfir.12308,I,recurrent list-price reductions likelihood of sale J Financial Research,학부①
W10,2026-12-21,2026-12-25,석사②,full,core,B/C/D,Kyuseok Kim,2023,A Study on the Impact of Asking Price and Sales Volume on the Real Transaction Price of Apartment using Machine Learning,The Journal of Korean Institute of Information Technology,10.14801/jkiit.2023.21.10.37,I,asking price and listing volume on transaction price ML KR,학부①
W10,2026-12-21,2026-12-25,이원석,full,core,C,박동하,2018,Empirical Analyses of Factors Shaping the Relationship between Housing Price and Trading Volume based on Bounded Rationality,국토연구,10.15793/kspr.2018.97..001,I,factors shaping price-volume relation 국토연구 KR,학부④
W10,2026-12-21,2026-12-25,학부①,full,core,D,van Dijk D,2017,"Internet Search Behavior, Liquidity and Prices in the Housing Market",Real Estate Economics,10.1111/1540-6229.12187,I,D vanDijkFrancke2017,석사②
W10,2026-12-21,2026-12-25,학부②,full,core,C,Taemi Youk,2018,"Intervention Analysis of Apartment Trading Volume in Seoul, Korea",Journal of Real Estate Analysis,10.30902/jrea.2018.4.1.85,I,intervention analysis apartment trading volume Seoul KR,학부③
W10,2026-12-21,2026-12-25,학부③,full,core,C/D,Yun Sik Kim,2018,A Study on the Effects of News Big Data and Google Information Search on Apartment Transaction Volume,Residential Environment Institute Of Korea,10.22313/reik.2018.16.2.411,I,news big data Google search apartment transaction volume KR,학부②
W10,2026-12-21,2026-12-25,학부④,full,core,C,Youngsoo Lee,2018,Causality and Predictability of Price-Volume in Housing Market - Evidence from Seoul and Busan Housing Markets -,SH Urban Research & Insight,10.26700/shuri.2018.12.8.3.51,I,price-volume causality Seoul Busan KR (SH Urban Research),이원석
W11,2026-12-28,2027-01-01,박사,full,core,C/D,Kanghyeok Lee,2019,Forecasting Short-Term Housing Transaction Volumes using Time-Series and Internet Search Queries,KSCE Journal of Civil Engineering,10.1007/s12205-019-1926-9,I,internet search queries forecasting transaction volume KSCE,석사①
W11,2026-12-28,2027-01-01,박사,full,core,C/D,Sun Young Heo,2019,Consumer Sentiment in On-line Community and the Variation of Real Estate Market,Residential Environment Institute Of Korea,10.22313/reik.2019.17.4.31,I,online community sentiment price transaction volume KR,석사①
W11,2026-12-28,2027-01-01,석사①,full,core,C,Chong-Sun Kim,2019,A Study on the Impact of the Trading Volume on Prices & Prices Volatility of Housing Market in Seoul and the Whole Country,공공정책연구,10.37103/kapp.21.3.2,I,trading volume on prices and volatility Seoul 공공정책연구 KR,박사
W11,2026-12-28,2027-01-01,석사①,full,core,C,Mustafa Hattapoglu,2020,Hot and cold seasons in Texas housing markets,International Journal of Housing Markets and Analysis,10.1108/ijhma-02-2020-0017,I,C hot cold seasons Texas,박사
W11,2026-12-28,2027-01-01,석사②,full,core,B,Schmidbauer E,2025,List prices and “hot” real estate markets,Real Estate Economics,10.1111/1540-6229.70013,I,B list prices hot markets,학부①
W11,2026-12-28,2027-01-01,석사②,full,core,B/D,Anqi Xu,2026,Dynamic hierarchical network-based framework for constructing a predictive index of offer–listing price differences in real estate E-commerce,Electronic Commerce Research,10.1007/s10660-026-10107-6,I,predictive index offer-listing price difference,학부①
W11,2026-12-28,2027-01-01,이원석,full,core,C,Yun Kyung Oh,2020,A Study on the Dynamic Causal Relationship between Housing Price and Housing Trading Volume,Residential Environment Institute Of Korea,10.22313/reik.2020.18.1.21,I,dynamic causality housing price and trading volume KR,학부④
W11,2026-12-28,2027-01-01,학부①,full,core,C,Marcelo Cajias,2020,Liquidity and prices: a cluster analysis of the German residential real estate market,Journal of Business Economics,10.1007/s11573-020-00990-2,I,C liquidity indices German residential,석사②
W11,2026-12-28,2027-01-01,학부②,full,core,D,Aroul R,2020,"<i>FEAR Index</i>, city characteristics, and housing returns",Real Estate Economics,10.1111/1540-6229.12335,I,D FEAR index search,학부③
W11,2026-12-28,2027-01-01,학부③,full,core,D,,2020,"Google Search Queries, Foreclosures, and House Prices",The Journal of Real Estate Finance and Economics,10.1007/s11146-020-09789-y,I,,학부②
W11,2026-12-28,2027-01-01,학부④,full,core,C/D,Hae-Jung Chun,2020,"Big Data Time Series Analysis of the Relationship Between News Coverage, Apartment Price and Trading Volume",Korea Association Of Real Estate Law,10.32989/rel.2020.24.2.53,I,news coverage price trading volume VAR KR,이원석
W12,2027-01-04,2027-01-08,박사,full,core,C,Han-Kook Cho,2020,A Study on the Interaction of Apartment Price and Transaction Volumein Seoul,부동산학보,10.31303/krear.2020.83.53,I,interaction price and transaction volume Seoul 부동산학보 KR,석사①
W12,2027-01-04,2027-01-08,박사,full,core,C,Dongha Park,2020,Behavioral Economic Analysis of Housing Transaction Volume,부동산학연구,10.19172/kreaa.26.3.8,I,behavioral economic analysis housing transaction volume 부동산학연구 KR,석사①
W12,2027-01-04,2027-01-08,석사①,full,core,C,Changro Lee,2021,Forecasting trading volume in local housing markets through a time-series model and a deep learning algorithm,Engineering Construction & Architectural Management,10.1108/ecam-10-2020-0850,I,forecasting trading volume local,박사
W12,2027-01-04,2027-01-08,석사①,full,core,C,I‐Chun Tsai,2021,Features of the ripple effect in the US regional housing markets: a viewpoint of nonsynchronous trading,International Journal of Urban Sciences,10.1080/12265934.2021.1925142,I,ripple nonsynchronous trading,박사
W12,2027-01-04,2027-01-08,석사②,full,core,B/C/D,Juhyeon Park,2026,Does Online Apartment Listing Volume Lead Price Changes?: The Role of Transaction Volume and a Comparison of Sale and Jeonse Markets,Korean Association for Housing Policy Studies,10.24957/hsr.2026.34.3.267,I,online listing volume leads price changes KR,학부①
W12,2027-01-04,2027-01-08,석사②,full,core,D,Grzegorz Michal Bulczak,2021,Use of Google Trends to Predict the Real Estate Market: Evidence from the United Kingdom,International Real Estate Review,10.53383/100332,I,Google Trends UK IRER,학부①
W12,2027-01-04,2027-01-08,이원석,full,core,C,Chun Haejung,2023,"Effects of Consumer Sentiment, Interest Rate, and Transaction Volume on Housing Price Using the BVAR",The Journal of Humanities and Social sciences 21,10.22143/hss21.14.2.27,I,sentiment interest rate transaction volume BVAR KR,학부④
W12,2027-01-04,2027-01-08,학부①,full,core,C,Jian Yang,2021,Housing market spillovers through the lens of transaction volume: A new spillover index approach,Journal of Empirical Finance,10.1016/j.jempfin.2021.10.003,I,spillovers transaction volume J Empirical Finance,석사②
W12,2027-01-04,2027-01-08,학부②,full,core,C,Seungryul Ma,2021,Frequency domain analysis to detect common cycle in housing price and trading volume,Journal of Housing and Urban Finance,10.38100/jhuf.2021.6.2.53,I,common cycle price volume KR,학부③
W12,2027-01-04,2027-01-08,학부③,full,core,C,MeiChi Huang,2022,Time‐varying impacts of expectations on housing markets across hot and cold phases,International Finance,10.1111/infi.12408,I,expectations hot cold phases,학부②
W12,2027-01-04,2027-01-08,학부④,full,core,C,Xue Wang,2022,A Study on the Monthly Effect of Apartment Price and Transaction Volume: Focusing on New Cities in the Metropolitan Area,Journal of the Korea Academia-Industrial cooperation Society,10.5762/kais.2022.23.3.273,I,monthly effect apartment price and transaction volume KR,이원석
W13,2027-01-11,2027-01-15,박사,full,core,C,Erling Røed Larsen,2023,"House price seasonality, market activity, and the December discount",Real Estate Economics,10.1111/1540-6229.12463,I,C seasonality market activity Norway,석사①
W13,2027-01-11,2027-01-15,박사,full,core,C,Salov A,2024,Spatial and temporal diffusion of property prices and sales across British regions,International Journal of Housing Markets and Analysis,10.1108/ijhma-09-2023-0118,I,C prices and sales diffusion Britain,석사①
W13,2027-01-11,2027-01-15,석사①,full,core,C,Hae-Jung Chun,2024,Dynamic Relationship between Housing Sales Price and Transaction Volume by Housing Type in the Metropolitan Area,The Journal of the Korea Contents Association,10.5392/jkca.2024.24.01.621,I,price-volume dynamics by housing type KR,박사
W13,2027-01-11,2027-01-15,석사①,full,core,C,Korea Real Estate Society,2024,A Study on the Causality of Housing Price and Trading by Cyclical Variation: Focused on Housing market of Seoul,대한부동산학회지,10.37407/kres.2024.42.1.211,I,causality price and trading cyclical variation KR,박사
W13,2027-01-11,2027-01-15,석사②,full,core,D,,2023,"Local Experiences, Search, and Spillovers in the Housing Market",The Journal of Finance,10.1111/jofi.13208,I,Gargano Giacoletti Jarnecic (journal version of SSRN R832),학부①
W13,2027-01-11,2027-01-15,석사②,full,core,D,,2023,Predicting Housing Price Trends in Poland: Online Social Engagement - Google Trends,Real Estate Management and Valuation,10.2478/remav-2023-0032,I,,학부①
W13,2027-01-11,2027-01-15,이원석,full,core,C,Chunil Kim,2026,Apartment Transaction Volume and Price Volatility: Construction and Application of a Transaction-Volume-Based Price Uncertainty Index,Housing Finance Research,10.52344/hfr.2026.10.1.133,I,transaction-volume-based index KR,학부④
W13,2027-01-11,2027-01-15,학부①,full,core,D,Gupta R,2024,Housing search activity and quantiles-based predictability of housing price movements in the USA,International Journal of Housing Markets and Analysis,10.1108/ijhma-12-2023-0166,I,D search activity predictability,석사②
W13,2027-01-11,2027-01-15,학부②,full,core,C,Jian Yang,2025,Housing Market Spillovers in China via Trading Volume: A Comparison of Two Spillover Indexes,Financial Review,10.1111/fire.70004,I,spillovers via trading volume China,학부③
W13,2027-01-11,2027-01-15,학부③,full,core,C,Musa Gün,2025,From Causes to Forecasts: Granger Causality and Machine Learning Predictions of Housing Sales in Türkiye,Istanbul Journal of Economics / İstanbul İktisat Dergisi,10.26650/istjecon2025-1707729,I,housing sales Granger ML Türkiye,학부②
W13,2027-01-11,2027-01-15,학부④,full,core,C,Hsiu-Tao Teng,2026,Housing Prices and Transaction Volumes in Taiwan Region’s Six Major Cities,Journal of Financial Risk Management,10.4236/jfrm.2026.152007,I,C prices volumes Taiwan,이원석
W14,2027-01-18,2027-01-22,박사,full,core,C,Kang H,2026,"Frozen Markets, Falling Prices: Illiquidity and Bounded Price Discovery in U.S. Neighborhood Housing Markets",The Journal of Real Estate Finance and Economics,10.1007/s11146-026-10080-9,I,C Frozen markets 2026,석사①
W14,2027-01-18,2027-01-22,박사,full,core,C,Dat Anh Le,2026,From prediction to explanation for price–volume dynamics in real estate market,Interface Focus,10.1098/rsfs.2025.0069,I,price-volume dynamics explanation,석사①
W14,2027-01-18,2027-01-22,석사①,full,core,D,Godinho F,2026,House hunting high and low: Constructing a Housing Search Index for Portugal,Journal of Housing Economics,10.1016/j.jhe.2026.102163,I,D,박사
W14,2027-01-18,2027-01-22,석사①,full,core,D,,2026,From digital search to deed: forecasting UK housing purchases in Spain using Google Trends across the Brexit divide,Journal of European Real Estate Research,10.1108/jerer-07-2025-0060,I,,박사
W14,2027-01-18,2027-01-22,석사②,full,core,D,Seyoung Yoon,2026,Real Estate News Data by Living District in Seoul Trend Analysis Research Through Topic Modeling and Sentiment Analysis: Focusing on Apartment and Non-Apartment Transaction Volume,정보과학회 컴퓨팅의 실제 논문지,10.5626/ktcp.2026.32.3.89,I,news sentiment and transaction volume topic modeling 정보과학회 KR,학부①
